5504251,Ariela,Bemwell,abemwell0,eocIGxRnCW,Admin,Reserve,System Administrator,Information Technology,60000,2,32,Street,Suburb,City,NSW,2300
5504252,Jeniece,Harbidge,jharbidge1,tVSN8TkW5,Staff,Reserve,Human Resources Assistant I,Management,50231,1,17,Jardine ,Fairy Meadow,Wollongong,NSW,2519
5504253,Frederico,Hebbron,fhebbron2,08FA1FyaFg,Staff,Reserve,Analyst Programmer,Computer Science,50431
5504254,Ollie,Grayne,ograyne3,k0FzNTfW2,Staff,Reserve,Structural Engineer,Accounting,50631
5504255,Caldwell,Ardley,cardley4,33xJmN,AcademicStaff,Reserve,Research Associate,Human Resources,50831
5504256,Inger,Staton,istaton5,H0AIxBS,Staff,Reserve,Information Systems Manager,Engineering,51031
5504257,Jeffy,Mault,jmault6,vVoHncAWai,Staff,Reserve,Quality Control Specialist,Engineering,51231
5504258,Janela,Pendergrast,jpendergrast7,s5UcpoZuzaz,Staff,Reserve,Nuclear Power Engineer,Information Technology,51431
5504259,Freda,Mingame,fmingame8,oNPX5Fr,Staff,Reserve,Analog Circuit Design manager,Information Technology,51631
5504260,Johny,Longforth,jlongforth9,Cepu81,AcademicStaff,Reserve,Research Associate,Marketing,51831
5504261,Sibyl,Walley,swalleya,yHAqlS,Staff,Reserve,Project Manager,Management,52031
5504262,Danna,Lasselle,dlasselleb,UPxDpV,Staff,Reserve,Associate Professor,Marketing,52231
5504263,Morgana,Pandey,mpandeyc,etmgyV0,Staff,Reserve,Geological Engineer,Law,52431
5504264,Kareem,Hrus,khrusd,c1EvYYyE,AcademicStaff,Reserve,Lecturer,Engineering,52631
5504265,Shawn,Pane,spanee,UCjNOGbe,Staff,Reserve,Tax Accountant,Research and Development,52831
5504266,Annaliese,Kaspar,akasparf,obiRP29H,Staff,Reserve,Budget/Accounting Analyst IV,Training,53031
5504267,Ellis,Shires,eshiresg,RjmlenVQ1sY,Staff,Reserve,Professor,Engineering,53231
5504268,Deonne,Howitt,dhowitth,W6ncUy1LB,AcademicStaff,Reserve,Lecturer,Business,53431
5504269,Gavin,Duxbarry,gduxbarryi,wBYLnP3,Staff,Reserve,Food Chemist,Human Resources,53631
5504270,Kikelia,Stalf,kstalfj,2oh9dYN,Staff,Reserve,Engineer III,Engineering,53831
5504271,Fanni,Bahia,fbahiak,hRgF6Bl5yl,AcademicStaff,Reserve,Lecturer,Human Resources,54031
5504272,Dulcie,Crichton,dcrichtonl,7hRDugtjZH,Staff,Reserve,Legal Assistant,Business,54231
5504273,Damita,Horley,dhorleym,DQ21dZopuA,Staff,Reserve,Mechanical Systems Engineer,Training,54431
5504274,Joice,Fundell,jfundelln,pR0CVofiH9Ra,Staff,Reserve,Account Executive,Business Development,54631
5504275,Valera,Lovelace,vlovelaceo,IhEKIiq3f,AcademicStaff,Reserve,Lecturer,Accounting,54831
5504276,Mallorie,Niesing,mniesingp,EV6ATaH6CXG,Staff,Reserve,Assistant Manager,Marketing,55031
5504277,Hunt,Mottley,hmottleyq,pPXPvX8JV5D,Staff,Reserve,General Manager,Business Development,55231
5504278,Kitti,Goeff,kgoeffr,f2t8rgUMLta,Librarian,All,Librarian,Library,55431
5504279,Alix,Philpotts,aphilpottss,9LRJxhe0,Staff,Reserve,Associate Professor,Human Resources,55631
5504280,Tamqrah,Lefley,tlefleyt,wsHs12d,Staff,Reserve,VP Product Management,Engineering,55831
5504281,Kynthia,Mabbe,kmabbeu,b6JWvsXFypSx,AcademicStaff,Reserve,Lecturer,Computer Science,56031
5504282,Tull,Emslie,temsliev,FIhdKVU0Azn,Staff,Reserve,Quality Engineer,Accounting,56231
5504283,Tobias,Nurny,tnurnyw,3xXT6B5,Staff,Reserve,Desktop Support Technician,Human Resources,56431
5504284,Ignacius,MacBey,imacbeyx,6geWeGmR,Staff,Reserve,Assistant Professor,Engineering,56631
5504285,Claudell,Minghella,cminghellay,VQWDiIIQy,Staff,Reserve,Accounting Assistant III,Engineering,56831
5504286,Brandice,Bette,bbettez,Z37ixPBSJ5,AcademicStaff,Reserve,Lecturer,Information Technology,57031
5504287,Cordell,Garlette,cgarlette10,po1czv,Staff,Reserve,Research Nurse,Information Technology,57231
5504288,Odessa,Gibbe,ogibbe11,QqpzsbKq,Staff,Reserve,Automation Specialist I,Services,57431
5504289,Pennie,Pope,ppope12,GAqApEo4GBhw,Staff,Reserve,Financial Analyst,Human Resources,57631
5504290,Terrye,Yeskov,tyeskov13,H0NgHJSs6,AcademicStaff,Reserve,Lecturer,Business Development,57831
5504291,Eveline,Durward,edurward14,UD9QJK1DxwwN,Staff,Reserve,Design Engineer,Human Resources,58031
5504292,Travis,Jarville,tjarville15,M4fSBsmC,Staff,Reserve,Chemical Engineer,Business Development,58231
5504293,Chryste,Battram,cbattram16,fm7Lx2CCl,Staff,Reserve,Systems Administrator III,Computer Science,58431
5504294,Bryon,Garthside,bgarthside17,SMIxaQ1dv,AcademicStaff,Reserve,Lecturer,Accounting,58631
5504295,Clair,Jest,cjest18,R8VkKcmdhJbZ,Staff,Reserve,Civil Engineer,Human Resources,58831
5504296,Alanson,Tapping,atapping19,erdmza0R,Staff,Reserve,Associate Professor,Engineering,59031
5504297,Quintana,Bakesef,qbakesef1a,RTbYvfsGV5h4,AcademicStaff,Reserve,Lecturer,Engineering,59231
5504298,Harland,Beddingham,hbeddingham1b,8NzrPXeGCb,Staff,Reserve,Payment Adjustment Coordinator,Information Technology,59431
5504299,Ethelyn,McAdam,emcadam1c,0XYRLfwM,Staff,Reserve,Web Designer IV,Information Technology,59631
5504300,Bertina,Gossage,bgossage1d,W3Vyu0Cb,Staff,Reserve,Human Resources Assistant II,Computer Science,59831
5504301,Elora,Burgoyne,eburgoyne1e,maSeXs,AcademicStaff,Reserve,Lecturer,Accounting,60031
5504302,Timmy,Bock,tbock1f,nMET9hC,Staff,Reserve,Geological Engineer,Human Resources,60231
5504303,Nalani,Abadam,nabadam1g,vQUVq8uabtp,Admin,Reserve,System Administrator,Information Technology,60431
5504304,Tami,Behr,tbehr1h,vffQLMnJE,Staff,Reserve,Marketing Assistant,Engineering,60631
5504305,Scotti,Ros,sros1i,DSBqvXjQQh5N,Staff,Reserve,Data Coordinator,Information Technology,60831
5504306,Inga,Aguirre,iaguirre1j,MFPe7QWCO,Staff,Reserve,Geological Engineer,Information Technology,61031
5504307,Menard,MacCoveney,mmaccoveney1k,zdnQ4xORmYd,Librarian,All,Librarian,Library,61231
5504308,Tabbitha,Harwood,tharwood1l,yMPawLo5g,Staff,Reserve,Software Consultant,Legal,61431
5504309,Brunhilde,Petrie,bpetrie1m,ng6GxCaGq,Staff,Reserve,Web Developer III,Marketing,61631
5504310,Danice,Gordon-Giles,dgordongiles1n,g4724FjhTO,Staff,Reserve,Nurse,Accounting,61831
5504311,Charity,Fattorini,cfattorini1o,wTSkRkGO1YwV,Staff,Reserve,Environmental Tech,Services,62031
5504312,Alysa,Crowthe,acrowthe1p,xx7TyUXUR,AcademicStaff,Reserve,Lecturer,Human Resources,62231
5504313,Heall,Fleetham,hfleetham1q,poQZ1yx,Staff,Reserve,Librarian,Business Development,62431
5504314,Gertruda,Scanlon,gscanlon1r,Yr5XtO4zHYvE,Staff,Reserve,Nurse Practicioner,Human Resources,62631
5504315,Gwendolin,Wynrehame,gwynrehame1s,pzyUuFvX9m,Staff,Reserve,Compensation Analyst,Business Development,62831
5504316,Katya,Martine,kmartine1t,FolSeOmZPS,AcademicStaff,Reserve,Lecturer,Computer Science,63031
5504317,Amil,Bartkowiak,abartkowiak1u,TncdoQNdRm,Staff,Reserve,Software Engineer III,Accounting,63231
5504318,Bliss,Gaunter,bgaunter1v,2WcfpuoVQVSw,Librarian,All,Librarian,Library,63431
5504319,Saunders,Robottham,srobottham1w,U5hTWXh,Staff,Reserve,Sales Associate,Engineering,63631
5504320,Alexandr,Devereux,adevereux1x,QYTRK3l,AcademicStaff,Reserve,Lecturer,Engineering,63831
5504321,Arlen,Jordin,ajordin1y,g4nNEjC6AJ7N,Staff,Reserve,Account Coordinator,Information Technology,64031
5504322,Grazia,Drage,gdrage1z,giZjdw,Staff,Reserve,Office Assistant II,Information Technology,64231
5504323,Tait,Linde,tlinde20,RilJIaq,AcademicStaff,Reserve,Lecturer,Computer Science,64431
5504324,Luise,Berrygun,lberrygun21,SsWPcgxjfGW,Staff,Reserve,Media Manager I,Accounting,64631
5504325,Charlie,Hallgate,challgate22,vTdNcO7i,Staff,Reserve,Account Executive,Human Resources,64831
5504326,Vivianne,Heal,vheal23,vERMCt,Staff,Reserve,Graphic Designer,Engineering,65031
5504327,Blair,Wasylkiewicz,bwasylkiewicz24,dNBt33,AcademicStaff,Reserve,Lecturer,Training,65231
5504328,Geno,Tapner,gtapner25,BwQobD,Staff,Reserve,Social Worker,Services,65431
5504329,Danell,Harbertson,dharbertson26,GzbaXAPFU,Staff,Reserve,Structural Analysis Engineer,Human Resources,66633
5504330,Brigit,Raymont,braymont27,ejDZL8r3gua,Staff,Reserve,Computer Systems Analyst IV,Business Development,65831
5504331,Tabatha,Erskine,terskine28,FK0bZ94H,Staff,Reserve,Director of Sales,Human Resources,66031
5504332,Estele,MacCahee,emaccahee29,wkum2gTw,Staff,Reserve,Geologist II,Business Development,66231
5504333,Chantalle,Litherland,clitherland2a,IdifDUhgIG,AcademicStaff,Reserve,Lecturer,Computer Science,66431
5504334,Arleen,Trudgian,atrudgian2b,COgBhRmiRP,Staff,Reserve,Assistant Manager,Accounting,66631
5504335,Zitella,Hearse,zhearse2c,lno742giE,Staff,Reserve,Geological Engineer,Human Resources,66831
5504336,Linet,McGarahan,lmcgarahan2d,EBZE4cz,Librarian,All,Librarian,Library,67031
5504337,Riordan,Jewar,rjewar2e,0hkkGs3ks,Staff,Reserve,Editor,Engineering,67231
5504338,Essy,Spadoni,espadoni2f,dmMgYkWs,AcademicStaff,Reserve,Lecturer,Information Technology,67431
5504339,Helge,Thrussell,hthrussell2g,P9DIkLbI6TX,Staff,Reserve,VP Marketing,Information Technology,67631
5504340,Iggie,Pallasch,ipallasch2h,Px9QKFjE,Staff,Reserve,Cost Accountant,Computer Science,67831
5504341,Ginelle,Sedgeworth,gsedgeworth2i,7JIJaVGwg,Staff,Reserve,Accountant III,Accounting,68031
5504342,Olivette,Raynes,oraynes2j,uuIRS11g1W3,AcademicStaff,Reserve,Lecturer,Human Resources,68231
5504343,Arny,Sturm,asturm2k,ZqROFTJbC,Staff,Reserve,Associate Professor,Human Resources,68431
5504344,Hew,Van Der Hoog,hvanderhoog2l,cyGaKoYm9,Staff,Reserve,Assistant Media Planner,Accounting,68631
5504345,Janetta,Osgordby,josgordby2m,Ow8oawlOPqi,Staff,Reserve,Programmer IV,Accounting,68831
5504346,Elihu,Scare,escare2n,UHpaTdS3fu,AcademicStaff,Reserve,Lecturer,Marketing,69031
5504347,Starlene,Hayhurst,shayhurst2o,HfWkXa,Staff,Reserve,Help Desk Operator,Marketing,69231
5504348,Gannie,Knuckles,gknuckles2p,ROuNvMsD5,Staff,Reserve,Legal Assistant,Human Resources,69431
5504349,Oliver,Chretien,ochretien2q,ROmflBaxV,AcademicStaff,Reserve,Lecturer,Engineering,69631
5504350,Lothaire,Scranedge,lscranedge2r,orS8Mmn2,Staff,Reserve,Office Assistant IV,Training,69831
